ticker,business_ko
SNDK,낸드 플래시 메모리·SSD 등 데이터 저장장치 제조 (WD에서 분사)
MU,D램·낸드 메모리 반도체 제조 (AI 서버용 HBM 포함)
BE,고체산화물 연료전지 기반 현장 발전 시스템 (데이터센터 전력 공급)
WAT,액체크로마토그래피·질량분석 등 분석기기 및 소프트웨어
LITE,광통신 부품·레이저 (데이터센터용 광트랜시버)
NVDA,AI 가속기(GPU)·데이터센터 플랫폼 및 게이밍 GPU
PLTR,정부·기업용 빅데이터 분석 및 AI 소프트웨어 플랫폼
AVGO,네트워크·맞춤형 AI 반도체 및 인프라 소프트웨어(VMware)
KDP,커피(큐리그)·음료 브랜드 제조 및 유통
DVN,미국 셰일 원유·천연가스 탐사·생산
GPN,카드결제 처리 및 가맹점 결제 소프트웨어
APO,사모신용·사모펀드 대체자산 운용 및 은퇴보험(Athene)
RDDT,온라인 커뮤니티 플랫폼 레딧 운영 (광고·데이터 라이선스)
EOG,미국 원유·천연가스 탐사·생산
APH,커넥터·케이블·센서 등 전자 연결 부품
MPC,석유 정제·마케팅 및 미드스트림(MPLX)
OXY,원유·가스 탐사·생산 및 화학(OxyChem)
PSX,석유 정제·화학·미드스트림·마케팅
OKE,천연가스·NGL 수집·처리·수송 미드스트림
CVNA,온라인 중고차 매매 플랫폼
CVX,석유·가스 탐사·생산 및 정제 통합 에너지
FANG,퍼미안 분지 원유·천연가스 탐사·생산
FIX,기계·전기 설비(HVAC) 시공 및 유지보수
AMD,CPU·GPU·AI 가속기 등 반도체 설계
VLO,석유 정제 및 재생연료(에탄올·재생디젤) 생산
STX,하드디스크(HDD) 등 데이터 저장장치
LLY,비만·당뇨 치료제(GLP-1) 등 전문의약품
MPWR,전력관리 반도체(전원 IC) 설계
HBAN,미국 중서부 지역은행
FITB,미국 중서부·남동부 지역은행
XOM,석유·가스 탐사·생산·정제·화학 통합 에너지
WDC,하드디스크(HDD) 데이터 저장장치
BRK-B,보험·철도·에너지 유틸리티 등 복합 지주회사
PWR,전력망·통신·가스 인프라 설계·시공
ADI,아날로그·혼성신호·전력 반도체
GS,투자은행·트레이딩·자산운용
MCHP,마이크로컨트롤러(MCU) 등 임베디드 반도체
P,기업용 올플래시 데이터 스토리지 (구 Pure Storage)
INCY,항암·면역·피부질환 치료제 바이오제약
ANET,데이터센터·AI 클러스터용 고속 네트워크 스위치
COP,원유·천연가스·LNG 탐사·생산
MRVL,데이터센터용 맞춤형 AI 칩·광통신·네트워크 반도체
DDOG,클라우드 모니터링·보안 SaaS 플랫폼
DASH,음식·식료품 배달 플랫폼
AXON,테이저건·보디캠 및 경찰용 클라우드 소프트웨어
J,인프라·첨단시설 엔지니어링 및 컨설팅
PANW,네트워크·클라우드 사이버보안 솔루션
COHR,레이저·광트랜시버 등 광학·광전자 부품
HPE,서버·스토리지·네트워크(주니퍼) 기업 IT 인프라
STLD,전기로 제강 및 금속 재활용 (알루미늄 진출)
BX,사모펀드·부동산·신용 대체자산 운용
HOOD,모바일 주식·옵션·암호화폐 거래 플랫폼
EXPD,항공·해상 화물 포워딩 및 통관 물류
ALB,리튬 등 배터리 소재 및 특수화학
LRCX,반도체 식각·증착 장비
CRWD,클라우드 기반 엔드포인트 사이버보안 플랫폼
FTNT,방화벽·네트워크 보안 장비 및 소프트웨어
TSLA,전기차 및 에너지 저장장치(ESS)·태양광
INTC,PC·서버용 CPU 반도체 및 파운드리
AMAT,반도체·디스플레이 제조 장비
CASY,미국 중서부 편의점·주유소 체인
VRT,데이터센터 전력·냉각 인프라 장비
HWM,항공기 엔진 부품·체결재 및 단조 휠
CAT,건설·광산 장비 및 엔진·발전 터빈
CBOE,옵션·주식·선물 거래소 운영
TXN,아날로그·임베디드 반도체
GEV,가스터빈·풍력·전력망 장비 (GE에서 분사)
ETN,전력관리 장비 (데이터센터·전기·항공)
IBKR,글로벌 온라인 증권 중개
MLM,골재·시멘트 등 건설자재
NDAQ,나스닥 거래소 운영 및 금융 소프트웨어·데이터
LYB,폴리올레핀 등 석유화학 제품
EME,전기·기계 설비 시공 및 시설관리 서비스
BALL,음료용 알루미늄 캔 포장재
DOW,플라스틱·산업용 중간재 등 소재화학
JBHT,트럭·철도 복합운송 및 전용 물류
DAL,미국 대형 항공사 (여객·화물)
CSCO,네트워크 장비·보안·협업 소프트웨어
CF,암모니아·질소비료 생산
FLEX,전자제품 위탁생산(EMS) 및 데이터센터 전력 장비
REGN,안과·면역질환 항체의약품 바이오제약
STT,기관투자자 수탁·자산관리 및 운용
ABNB,숙박 공유·체험 예약 플랫폼
LUV,미국 저비용 항공사
HAS,완구·보드게임 및 디지털 게임(Wizards of the Coast)
UAL,미국 대형 항공사 (국제선 중심)
DTE,미시간주 전력·가스 유틸리티
HUBB,전력망·건축용 전기 설비 부품
KLAC,반도체 공정 검사·계측 장비
FERG,배관·HVAC 자재 유통
RTX,항공엔진(프랫앤휘트니)·방산 미사일·항공전자
MA,글로벌 카드 결제 네트워크
EXPE,온라인 여행 예약 플랫폼
DRI,올리브가든 등 캐주얼 다이닝 레스토랑 체인
MSI,공공안전 무선통신·영상보안 솔루션
KKR,사모펀드·인프라·신용 대체자산 운용 및 보험
ALLE,도어록·출입통제 보안제품
VRTX,낭포성섬유증 등 희귀질환 치료제 바이오제약
NEE,플로리다 전력 유틸리티 및 풍력·태양광 발전
URI,건설·산업용 장비 렌탈
UNP,미국 서부 화물 철도
GRMN,GPS 기반 웨어러블·항공·해양·차량용 기기
NSC,미국 동부 화물 철도
PLD,물류창고 개발·임대 리츠
CTVA,종자 및 작물보호제(농약)
HII,미 해군 군함·항공모함·잠수함 건조
GNRC,가정·상업용 비상발전기 및 에너지 저장
TT,상업·주거용 냉난방공조(HVAC) 및 운송 냉장
LMT,전투기(F-35)·미사일·우주 방산
ODFL,미국 소량화물(LTL) 트럭 운송
PM,궐련 및 전자담배(아이코스)·니코틴 파우치
NDSN,정밀 접착제·코팅 도포 장비
GILD,HIV·간질환·항암 치료제 바이오제약
ABBV,면역질환(스카이리치·린버크)·신경과학 치료제 제약
CSX,미국 동부 화물 철도
CDW,기업·공공기관 대상 IT 하드웨어·소프트웨어 유통 및 솔루션
AMGN,항암·골다공증·심혈관 바이오의약품
LYV,공연 기획·프로모션 및 티켓 판매(티켓마스터)
CMI,디젤·천연가스 엔진 및 발전기·동력 부품
ES,뉴잉글랜드 지역 전력·가스·수도 유틸리티
CMG,멕시칸 패스트캐주얼 레스토랑 체인
IR,산업용 압축기·펌프·진공 장비
AZO,자동차 부품 소매·유통
LOW,주택개량 자재·용품 소매
BKNG,온라인 숙박·여행 예약 (Booking.com·Priceline)
ROL,해충방제 서비스 (Orkin)
SHW,페인트·코팅 제조 및 직영 매장 판매
BR,투자자 커뮤니케이션 및 증권사 백오피스 기술
ADM,곡물 조달·가공 및 식품·사료 원료
PPG,페인트·코팅 및 특수소재
PNW,애리조나주 전력 유틸리티
HLT,호텔 프랜차이즈·위탁운영 (힐튼)
PEP,음료(펩시) 및 스낵(프리토레이) 식품
PFG,퇴직연금·자산운용·보험
GEN,개인용 사이버보안(노턴·어베스트) 소프트웨어
AWK,미국 최대 상하수도 유틸리티
BMY,항암·면역·심혈관 전문의약품
HD,주택개량 자재·용품 소매
CRH,골재·시멘트·아스팔트 등 건설자재
NOC,스텔스 폭격기·우주·미사일 방산
LNT,아이오와·위스콘신 전력·가스 유틸리티
NCLH,크루즈 여행 선사
TRGP,천연가스·NGL 수집·처리·수송 미드스트림
CARR,냉난방공조(HVAC)·냉장 설비
AEE,미주리·일리노이 전력·가스 유틸리티
BIIB,다발성경화증·알츠하이머 등 신경질환 치료제
LII,주거·상업용 냉난방공조(HVAC) 설비
VMC,골재 등 건설자재 (미국 최대 골재 생산)
TSCO,농촌 생활용품·반려동물·가축용품 소매
SOLV,의료용품·치과·정수 필터 헬스케어 (3M에서 분사)
CPRT,사고·중고차량 온라인 경매
GM,자동차 제조 (쉐보레·GMC·캐딜락) 및 자동차 금융
MO,미국 궐련(말보로)·무연 니코틴 제품
PCAR,대형 상용트럭 제조 (켄워스·피터빌트·DAF)
DHI,미국 최대 주택건설업체
IT,IT·경영 리서치 및 자문
AOS,가정·상업용 온수기·보일러·정수기
CLX,표백제·세제·생활용품 브랜드
CRL,신약 비임상시험 및 연구용 동물모델 서비스
STZ,수입 맥주(코로나·모델로)·와인·증류주
F,자동차 제조 (포드·링컨) 및 상용차·자동차 금융
LEN,미국 주택건설업체
FCX,구리·금·몰리브덴 광산
PHM,미국 주택건설업체
NVR,미국 주택건설업체 및 모기지 금융
